<!-- sari Generator Policy file v1.0 -->
<!-- Author: Matteo Lorenzini ETH-GTA -->
<generator_policy>
  <!-- Concept entity -->
  <generator name="ConceptURI" prefix="sari" shorten="yes">
    <pattern>Concept/{term}</pattern>
  </generator>
  <generator name="ConceptURI_2step" prefix="sari" shorten="yes">
    <pattern>Concept/{term}/{term1}</pattern>
  </generator>
  <generator name="ConceptURI_3step" prefix="sari" shorten="yes">
    <pattern>Concept/{term}/{term1}/{term2}</pattern>
  </generator>
  <generator name="ConceptAppellationURI" prefix="sari" shorten="yes">
    <pattern>Concept/Appellation/{term}</pattern>
  </generator>
  <!-- Places entity -->
  <generator name="PlaceURI" prefix="sari" shorten="yes">
    <pattern>Place/{term}</pattern>
  </generator>
  <generator name="PlaceAppellationURI" prefix="sari" shorten="yes">
    <pattern>Place/Appellation/{term}</pattern>
  </generator>
  <generator name="PlaceAppellationAddressURI" prefix="sari" shorten="yes">
    <pattern>Place/Appellation/{mainaddress}-{postcode}-{country}</pattern>
  </generator>
  <generator name="PlaceAppLatLong" prefix="sari" shorten="yes">
    <pattern>Place/Appellation/{lat}-{long}</pattern>
  </generator>
  <!-- Built work entity -->
  <generator name="BuiltWorkURI" prefix="sari" shorten="yes">
    <pattern>BuiltWork/{term}</pattern>
  </generator>
  <generator name="BuiltWorkAppellationURI" prefix="sari" shorten="yes">
    <pattern>BuiltWork/Appellation/{term}</pattern>
  </generator>
  <!-- Art work entity -->
  <generator name="ArtWorkURI" prefix="sari" shorten="yes">
    <pattern>ArtWork/{term}</pattern>
  </generator>
  <generator name="ArtWorkAppellationURI" prefix="sari" shorten="yes">
    <pattern>ArtWork/Appellation/{term}</pattern>
  </generator>
  <!-- Person entity -->
  <generator name="PersonURI" prefix="sari" shorten="yes">
    <pattern>Person/{term}</pattern>
  </generator>
  <generator name="PersonAppellationURI" prefix="sari" shorten="yes">
    <pattern>Person/Appellation/{term}</pattern>
  </generator>
  <!-- Groups entity -->
  <generator name="GroupsURI" prefix="sari" shorten="yes">
    <pattern>Groups/{term}</pattern>
  </generator>
  <!-- Project entity -->
  <generator name="ProjectURI" prefix="sari" shorten="yes">
    <pattern>Project/{term}</pattern>
  </generator>
  <generator name="ProjectAppellationURI" prefix="sari" shorten="yes">
    <pattern>Project/Appellation/{term}</pattern>
  </generator>
  <!-- Ouvre entity -->
  <generator name="OuvreURI" prefix="sari" shorten="yes">
    <pattern>Ouvre/{term}</pattern>
  </generator>
  <generator name="OuvreAppellationURI" prefix="sari" shorten="yes">
    <pattern>Ouvre/Appellation/{term}</pattern>
  </generator>
  <!-- Actor entity -->
  <generator name="ActorURI" prefix="sari" shorten="yes">
    <pattern>Actor/{term}</pattern>
  </generator>
  <generator name="ActorTwoNameMergeURI" prefix="sari" shorten="yes">
    <pattern>Actor/{firstName}_{LastName}</pattern>
  </generator>
  <generator name="ActorAppellationURI" prefix="sari" shorten="yes">
    <pattern>Actor/Appellation/{term}</pattern>
  </generator>
  <!-- Event entity -->
  <generator name="EventURI" prefix="sari" shorten="yes">
    <pattern>Event/{term}</pattern>
  </generator>
  <generator name="EventAppellationURI" prefix="sari" shorten="yes">
    <pattern>Event/Appellation/{term}</pattern>
  </generator>
  <!-- Digital Object entity -->
  <generator name="DigitalObjectURI" prefix="sari" shorten="yes">
    <pattern>DigitalObject/{term}</pattern>
  </generator>
  <generator name="DigitalObjectAppellationURI" prefix="sari" shorten="yes">
    <pattern>DigitalObject/Appellation/{term}</pattern>
  </generator>
  <!-- Bibliographic item entity -->
  <generator name="BibliographicItemURI" prefix="sari" shorten="yes">
    <pattern>BibliographicItem/{term}</pattern>
  </generator>
  <!-- Thing entity -->
  <generator name="ThingURI" prefix="sari" shorten="yes">
    <pattern>Thing/{term}</pattern>
  </generator>
  <generator name="ThingAppellationURI" prefix="sari" shorten="yes">
    <pattern>Thing/Appellation/{term}</pattern>
  </generator>
  <generator name="OneLevelCustomURI" prefix="sari" shorten="yes">
    <pattern>{level1}/{term}</pattern>
  </generator>
  <generator name="TwoLevelCustomURI" prefix="sari" shorten="yes">
    <pattern>{level1}/{level2}/{term}</pattern>
  </generator>
  <generator name="OneLevelCustomURIwCount" prefix="sari" shorten="yes">
    <pattern>{level1}/{count}/{term}</pattern>
  </generator>
  <generator name="TwoLevelCustomURIwCount" prefix="sari" shorten="yes">
    <pattern>{level1}/{level2}/{count}/{term}</pattern>
  </generator>
  <generator name="SimpleLabel">
    <pattern>{label}</pattern>
  </generator>
  <generator name="CompositeLabel">
    <pattern>{label} {text}</pattern>
  </generator>
  <generator name="CompositeVerLabel">
    <pattern>{label} Ver {text}</pattern>
  </generator>
  <generator name="LatLong">
    <pattern>({lat} {long})</pattern>
  </generator>
  <generator name="AddressLabel">
    <pattern>{term},{term2},{term3},{term4}</pattern>
  </generator>
  <generator name="GermanDateTime">
    <custom generatorClass="gr.forth.GermanDate">
      <set-arg name="bound" type="constant"/>
      <set-arg name="text"/>
    </custom>
  </generator>
  <generator name="URIorUUID">
    <custom generatorClass="gr.forth.URIorUUID">
      <set-arg name="text"/>
    </custom>
  </generator>
  <generator name="ConcatMultipleTerms">
    <custom generatorClass="gr.forth.ConcatMultipleTerms">
      <set-arg name="prefix" type="constant"/>
      <set-arg name="sameTermsDelim" type="constant"/>
      <set-arg name="diffTermsDelim" type="constant"/>
      <set-arg name="text1"/>
      <set-arg name="text2"/>
      <set-arg name="text3"/>
      <set-arg name="text4"/>
      <set-arg name="text5"/>
    </custom>
  </generator>
</generator_policy>