<?xml version='1.0' ?>

<root>

<item>
  <MH_Marker>Charge_201806
Gesamtbestand
Charge_gelbgruen
Charge_Isler</MH_Marker>
  <T_UUID>073842C5-DDD9-481B-ABD2-A3B68BE6B98B</T_UUID>
  <MH_Type_work>Werk, fiktiv</MH_Type_work>
  <T_Bezeichnung>Ideenskizzen zur Aufteilung einer Bürolandschaft (Büro Isler?)</T_Bezeichnung>
  <T_Person>Architekt: Heinz Isler</T_Person>
  <T_Ort>nan</T_Ort>
  <T_WissKommentar>Rechteckiger, leicht gekrümmter Baukörper; Pläne haben einen ungewöhnlich informellen Charakter und zeigen offensichtlich ein Ingenieurs- oder Architektenbüro.</T_WissKommentar>
  <T_Bemerkungen>vgl. auch 217-0110, 217-0X-2</T_Bemerkungen>
</item>

</root>