<?xml version='1.0' ?>

<root>

<item>
  <MH_Marker>Charge_201806
Gesamtbestand
Charge_gelbgruen
Charge_Isler</MH_Marker>
  <T_UUID>E3ED212D-430B-4E5F-9AEE-4D68301DC2C4</T_UUID>
  <MH_Type_work>Werk, gebaut</MH_Type_work>
  <T_Bezeichnung>Carrosseriewerk >Ramseier  Jenzer AG</T_Bezeichnung>
  <T_Person>Ingenieur: Heinz Isler; Architekten: Ernst Pfister (Bürogebäude und Trafostation), Walter Schwaar (Bern); Bauherr(en): Carrosseriewerk Ramseier  Jenzer AG</T_Person>
  <T_Ort>Objektort: Solothurnstrasse 154/David Moning-Strasse, Biel</T_Ort>
  <T_WissKommentar>Bürogebäude sowie Carrosseriewerkstätte, 4 Industrie-Schalen (Buckelschalen) 20 x 20 m, 1600 m2. - Literatur: John Chilton: Heinz Isler. London 2000. S. 21 (Abb. 1.7). - Ramseier Bulletin, 11/1974, Nr. 46.</T_WissKommentar>
  <T_Bemerkungen>Büronummer: alt 3. - Vgl. auch die zwei weiteren Schalen von 1963 und die Erweiterung von 1978 sowie das Vordach von 1983 (S. alt 43,EB 330, KS 386). - Modelle siehe 217-M-4-3:601/602, -8:603.</T_Bemerkungen>
</item>

</root>