<?xml version="1.0"?>
<objects>
    <oeu>
 <_version>1</_version>
    <_id>16944</_id>
    <_system_object_id>80505</_system_object_id>
    <_standard>
      <en-US>[Oeuvre (built/unbuilt)]</en-US>
      <de-DE>Druckerei Sedelmayr [Oeuvre (realisiert/nicht realisiert)]</de-DE>
    </_standard>
    <_objecttype>oeu</_objecttype>
    <_global_object_id>80505@8ef36ec7-a3a5-4d62-acd5-1ee839f35aa5</_global_object_id>
    <_uuid>64d70377-304e-44eb-a32a-fbacf56ffd93</_uuid>
    <_exported_at>2019-12-10T09:07:14+01:00</_exported_at>
    <_mask>oeu__all_fields</_mask>
    <_last_modified>2019-11-21T09:35:43+01:00</_last_modified>
    <_created>2019-11-21T09:35:43+01:00</_created>
    <owner type="user">
      <id>1</id>
      <displayname>Root</displayname>
    </owner>
    <collections/>
    <_urls>
      <url type="deep-link">http://gta-archives.5.easydb.de/api/v1/objects/uuid/64d70377-304e-44eb-a32a-fbacf56ffd93</url>
      <url type="easydb-id">http://gta-archives.5.easydb.de/detail/80505</url>
    </_urls>
    <oeo_uuid_import_hierarchies type="string"/>
    <oeo_uuid type="string"/>
    <oeu_appellation type="text_l10n_oneline">
      <de-DE>Druckerei Sedelmayr</de-DE>
    </oeu_appellation>
    <_nested__oeu__production_place>
      <oeu__production_place>
        <place>
          <pl>
            <_version>1</_version>
            <_id>10164</_id>
            <_system_object_id>18152</_system_object_id>
            <_standard>
              <de-DE>Dornbirn</de-DE>
            </_standard>
            <_objecttype>pl</_objecttype>
            <_global_object_id>18152@8ef36ec7-a3a5-4d62-acd5-1ee839f35aa5</_global_object_id>
            <_uuid>179b2ff4-1dfd-4642-8aba-33b7ca78330b</_uuid> 
          </pl>
        </place>
      </oeu__production_place>
    </_nested__oeu__production_place>
    <_nested__oeu__production_actor>
      <oeu__production_actor>
        <actor_role>
          <act_role>
            <_version>1</_version>
            <_id>84</_id>
            <_system_object_id>49949</_system_object_id>
            <_standard>
              <de-DE>Ingenieur</de-DE>
            </_standard>
            <_objecttype>act_role</_objecttype>
            <_global_object_id>49949@8ef36ec7-a3a5-4d62-acd5-1ee839f35aa5</_global_object_id>
            <_uuid>a1e1d619-d742-4f8f-930e-5d08c297bae6</_uuid> 
          </act_role>
        </actor_role>
        <actor>
          <act>
            <_version>3</_version>
            <_id>28184</_id>
            <_system_object_id>54908</_system_object_id>
            <_standard>
              <en-US>(Swiss engineer, born 1926)</en-US>
              <de-DE>Isler, Heinz (Schweizer Ingenieur, geboren 1926)</de-DE>
            </_standard>
            <_objecttype>act</_objecttype>
            <_global_object_id>54908@8ef36ec7-a3a5-4d62-acd5-1ee839f35aa5</_global_object_id>
            <_uuid>40c02a93-9a52-482a-9175-9b1a1eb7cbfd</_uuid>
          </act>
        </actor>
      </oeu__production_actor>
      <oeu__production_actor>
        <actor_role>
          <act_role>
            <_version>1</_version>
            <_id>118</_id>
            <_system_object_id>49983</_system_object_id>
            <_standard>
              <de-DE>Bauherrschaft</de-DE>
            </_standard>
            <_objecttype>act_role</_objecttype>
            <_global_object_id>49983@8ef36ec7-a3a5-4d62-acd5-1ee839f35aa5</_global_object_id>
            <_uuid>2780330b-4893-41c6-8d30-ae0b063b428b</_uuid>
          </act_role>
        </actor_role>
        <actor>
          <act>
            <_version>1</_version>
            <_id>8848</_id>
            <_system_object_id>30684</_system_object_id>
            <_standard>
              <en-US>(Swiss architect, 1924-2002)</en-US>
              <de-DE>Tr&#xF6;sch, Hans (Schweizer Architekt, 1924-2002)</de-DE>
            </_standard>
            <_objecttype>act</_objecttype>
            <_global_object_id>30684@8ef36ec7-a3a5-4d62-acd5-1ee839f35aa5</_global_object_id>
            <_uuid>635cde15-9914-401e-b713-3fd89baf54f5</_uuid>
          </act>
        </actor>
      </oeu__production_actor>
    </_nested__oeu__production_actor>
    <oeu_production_timespan_display type="text_oneline"/>
    <oeu_production_timespan type="daterange">
      <from>1956</from>
      <to>1957-03</to>
    </oeu_production_timespan>
  </oeu>
</objects>